{
    "$schema": "http://schema.management.azure.com/schemas/2015-01-01/deploymentTemplate.json#",
    "contentVersion": "1.0.0.0",
    "parameters": {
        "location": {
            "type": "string"
        },
        "storageAccountName": {
            "type": "string"
        },
        "accountType": {
            "type": "string"
        },
        "kind": {
            "type": "string"
        },
        "accessTier": {
            "type": "string"
        },
        "minimumTlsVersion": {
            "type": "string"
        },
        "supportsHttpsTrafficOnly": {
            "type": "bool"
        },
        "allowBlobPublicAccess": {
            "type": "bool"
        }
    },
    "variables": {},
    "resources": [
        {
            "name": "[parameters('storageAccountName')]",
            "type": "Microsoft.Storage/storageAccounts",
            "apiVersion": "2019-06-01",
            "location": "[parameters('location')]",
            "properties": {
                "accessTier": "[parameters('accessTier')]",
                "minimumTlsVersion": "[parameters('minimumTlsVersion')]",
                "supportsHttpsTrafficOnly": "[parameters('supportsHttpsTrafficOnly')]",
                "allowBlobPublicAccess": "[parameters('allowBlobPublicAccess')]"
            },
            "dependsOn": [],
            "sku": {
                "name": "[parameters('accountType')]"
            },
            "kind": "[parameters('kind')]",
            "tags": {}
        }
    ],
    "outputs": {}
}